blocks/_accordion-row.liquid	prepend_newlines=1	append_newlines=0
blocks/_announcement.liquid	prepend_newlines=2	append_newlines=0
blocks/_blog-post-card.liquid	prepend_newlines=2	append_newlines=0
blocks/_blog-post-content.liquid	prepend_newlines=2	append_newlines=0
blocks/_blog-post-description.liquid	prepend_newlines=2	append_newlines=0
blocks/_blog-post-featured-image.liquid	prepend_newlines=2	append_newlines=0
blocks/_blog-post-image.liquid	prepend_newlines=2	append_newlines=0
blocks/_blog-post-info-text.liquid	prepend_newlines=1	append_newlines=0
blocks/_blog-post-title.liquid	prepend_newlines=2	append_newlines=0
blocks/_card.liquid	prepend_newlines=2	append_newlines=0
blocks/_carousel-content.liquid	prepend_newlines=2	append_newlines=0
blocks/_cart-products.liquid	prepend_newlines=2	append_newlines=0
blocks/_cart-summary.liquid	prepend_newlines=2	append_newlines=0
blocks/_cart-title.liquid	prepend_newlines=2	append_newlines=0
blocks/_collection-card-image.liquid	prepend_newlines=2	append_newlines=0
blocks/_collection-card.liquid	prepend_newlines=2	append_newlines=0
blocks/_collection-image.liquid	prepend_newlines=2	append_newlines=0
blocks/_collection-info.liquid	prepend_newlines=2	append_newlines=0
blocks/_collection-link.liquid	prepend_newlines=2	append_newlines=0
blocks/_content-without-appearance.liquid	prepend_newlines=2	append_newlines=0
blocks/_content.liquid	prepend_newlines=2	append_newlines=0
blocks/_divider.liquid	prepend_newlines=2	append_newlines=0
blocks/_featured-blog-posts-card.liquid	prepend_newlines=2	append_newlines=0
blocks/_featured-blog-posts-image.liquid	prepend_newlines=2	append_newlines=0
blocks/_featured-product-gallery.liquid	prepend_newlines=2	append_newlines=0
blocks/_featured-product-information-carousel.liquid	prepend_newlines=2	append_newlines=0
blocks/_featured-product-price.liquid	prepend_newlines=2	append_newlines=0
blocks/_featured-product.liquid	prepend_newlines=2	append_newlines=0
blocks/_footer-social-icons.liquid	prepend_newlines=2	append_newlines=0
blocks/_header-menu.liquid	prepend_newlines=1	append_newlines=0
blocks/_heading.liquid	prepend_newlines=2	append_newlines=0
blocks/_hotspot-product.liquid	prepend_newlines=2	append_newlines=0
blocks/_image.liquid	prepend_newlines=2	append_newlines=0
blocks/_inline-collection-title.liquid	prepend_newlines=1	append_newlines=0
blocks/_inline-text.liquid	prepend_newlines=2	append_newlines=0
blocks/_layered-slide.liquid	prepend_newlines=2	append_newlines=0
blocks/_marquee.liquid	prepend_newlines=2	append_newlines=0
blocks/_media-without-appearance.liquid	prepend_newlines=1	append_newlines=0
blocks/_product-card-gallery.liquid	prepend_newlines=2	append_newlines=0
blocks/_product-card-group.liquid	prepend_newlines=2	append_newlines=0
blocks/_product-card.liquid	prepend_newlines=2	append_newlines=0
blocks/_product-details.liquid	prepend_newlines=2	append_newlines=0
blocks/_product-list-button.liquid	prepend_newlines=2	append_newlines=0
blocks/_product-list-content.liquid	prepend_newlines=2	append_newlines=0
blocks/_product-list-text.liquid	prepend_newlines=2	append_newlines=0
blocks/_product-media-gallery.liquid	prepend_newlines=1	append_newlines=0
blocks/_search-input.liquid	prepend_newlines=2	append_newlines=0
blocks/_slide.liquid	prepend_newlines=2	append_newlines=0
blocks/_social-link.liquid	prepend_newlines=2	append_newlines=0
blocks/accelerated-checkout.liquid	prepend_newlines=2	append_newlines=0
blocks/accordion.liquid	prepend_newlines=2	append_newlines=0
blocks/add-to-cart.liquid	prepend_newlines=2	append_newlines=0
blocks/button.liquid	prepend_newlines=1	append_newlines=0
blocks/buy-buttons.liquid	prepend_newlines=1	append_newlines=0
blocks/collection-card.liquid	prepend_newlines=2	append_newlines=0
blocks/collection-title.liquid	prepend_newlines=2	append_newlines=0
blocks/comparison-slider.liquid	prepend_newlines=2	append_newlines=0
blocks/contact-form-submit-button.liquid	prepend_newlines=1	append_newlines=0
blocks/contact-form.liquid	prepend_newlines=2	append_newlines=0
blocks/custom-liquid.liquid	prepend_newlines=2	append_newlines=0
blocks/disclosures.liquid	prepend_newlines=1	append_newlines=0
blocks/email-signup.liquid	prepend_newlines=2	append_newlines=0
blocks/featured-collection.liquid	prepend_newlines=2	append_newlines=0
blocks/filters.liquid	prepend_newlines=1	append_newlines=0
blocks/follow-on-shop.liquid	prepend_newlines=2	append_newlines=0
blocks/footer-copyright.liquid	prepend_newlines=1	append_newlines=0
blocks/footer-policy-list.liquid	prepend_newlines=1	append_newlines=0
blocks/group.liquid	prepend_newlines=2	append_newlines=0
blocks/icon.liquid	prepend_newlines=2	append_newlines=0
blocks/image.liquid	prepend_newlines=2	append_newlines=0
blocks/jumbo-text.liquid	prepend_newlines=2	append_newlines=0
blocks/logo.liquid	prepend_newlines=2	append_newlines=0
blocks/menu.liquid	prepend_newlines=2	append_newlines=0
blocks/page-content.liquid	prepend_newlines=2	append_newlines=0
blocks/page.liquid	prepend_newlines=2	append_newlines=0
blocks/payment-icons.liquid	prepend_newlines=1	append_newlines=0
blocks/popup-link.liquid	prepend_newlines=2	append_newlines=0
blocks/price.liquid	prepend_newlines=2	append_newlines=0
blocks/product-card.liquid	prepend_newlines=2	append_newlines=0
blocks/product-custom-property.liquid	prepend_newlines=2	append_newlines=0
blocks/product-description.liquid	prepend_newlines=2	append_newlines=0
blocks/product-inventory.liquid	prepend_newlines=2	append_newlines=0
blocks/product-recommendations.liquid	prepend_newlines=2	append_newlines=0
blocks/product-title.liquid	prepend_newlines=2	append_newlines=0
blocks/quantity.liquid	prepend_newlines=2	append_newlines=0
blocks/review.liquid	prepend_newlines=2	append_newlines=0
blocks/sku.liquid	prepend_newlines=2	append_newlines=0
blocks/social-links.liquid	prepend_newlines=1	append_newlines=0
blocks/spacer.liquid	prepend_newlines=2	append_newlines=0
blocks/swatches.liquid	prepend_newlines=2	append_newlines=0
blocks/text.liquid	prepend_newlines=2	append_newlines=0
blocks/variant-picker.liquid	prepend_newlines=2	append_newlines=0
blocks/video.liquid	prepend_newlines=2	append_newlines=0
sections/_blocks.liquid	prepend_newlines=2	append_newlines=0
sections/carousel.liquid	prepend_newlines=2	append_newlines=0
sections/collection-links.liquid	prepend_newlines=2	append_newlines=0
sections/collection-list.liquid	prepend_newlines=2	append_newlines=0
sections/custom-liquid.liquid	prepend_newlines=2	append_newlines=0
sections/divider.liquid	prepend_newlines=2	append_newlines=0
sections/featured-blog-posts.liquid	prepend_newlines=2	append_newlines=0
sections/featured-product-information.liquid	prepend_newlines=2	append_newlines=0
sections/featured-product.liquid	prepend_newlines=2	append_newlines=0
sections/footer-utilities.liquid	prepend_newlines=2	append_newlines=0
sections/footer.liquid	prepend_newlines=2	append_newlines=0
sections/header-announcements.liquid	prepend_newlines=2	append_newlines=0
sections/header.liquid	prepend_newlines=2	append_newlines=0
sections/hero.liquid	prepend_newlines=2	append_newlines=0
sections/layered-slideshow.liquid	prepend_newlines=2	append_newlines=0
sections/logo.liquid	prepend_newlines=2	append_newlines=0
sections/main-404.liquid	prepend_newlines=2	append_newlines=0
sections/main-blog-post.liquid	prepend_newlines=2	append_newlines=0
sections/main-blog.liquid	prepend_newlines=2	append_newlines=0
sections/main-cart.liquid	prepend_newlines=2	append_newlines=0
sections/main-collection-list.liquid	prepend_newlines=2	append_newlines=0
sections/main-collection.liquid	prepend_newlines=2	append_newlines=0
sections/main-page.liquid	prepend_newlines=2	append_newlines=0
sections/marquee.liquid	prepend_newlines=2	append_newlines=0
sections/media-with-content.liquid	prepend_newlines=2	append_newlines=0
sections/password-footer.liquid	prepend_newlines=2	append_newlines=0
sections/password.liquid	prepend_newlines=2	append_newlines=0
sections/predictive-search-empty.liquid	prepend_newlines=2	append_newlines=0
sections/predictive-search.liquid	prepend_newlines=2	append_newlines=0
sections/product-hotspots.liquid	prepend_newlines=2	append_newlines=0
sections/product-information.liquid	prepend_newlines=2	append_newlines=0
sections/product-list.liquid	prepend_newlines=2	append_newlines=0
sections/product-recommendations.liquid	prepend_newlines=1	append_newlines=0
sections/quick-order-list.liquid	prepend_newlines=2	append_newlines=0
sections/search-header.liquid	prepend_newlines=2	append_newlines=0
sections/search-results.liquid	prepend_newlines=2	append_newlines=0
sections/section-rendering-product-card.liquid	prepend_newlines=2	append_newlines=0
sections/section.liquid	prepend_newlines=2	append_newlines=0
sections/slideshow.liquid	prepend_newlines=2	append_newlines=0
